INSERT INTO hardhet (id, navn) VALUES
(1, 'H1'),
(2, 'H2'),
(3, 'H3'),
(4, 'H4'),
(5, 'H5'),
(6, 'H6'),
(7, 'H7'),
(8, 'H8'),
(9, 'Fjell');

INSERT INTO kategori (id, navn) VALUES
(1, 'Stauder'),
(2, 'Busker'),
(3, 'Trær'),
(4, 'Klatreplanter'),
(5, 'Løk- og knollplanter'),
(6, 'Sommerblomster'),
(7, 'Prydgress'),
(8, 'Bregner'),
(9, 'Bunndekkere'),
(10, 'Urter (krydder)'),
(11, 'Grønnsaker'),
(12, 'Bærplanter'),
(13, 'Frukttrær'),
(14, 'Sukkulenter'),
(15, 'Inneplanter'),
(16, 'Vann- og sumpplanter'),
(17, 'Surjordsplanter'),
(18, 'Fjellhage/Alpine'),
(19, 'Medisinplanter'),
(20, 'Pollinatorvennlige');

INSERT INTO vanningsbehov (id, navn) VALUES
(1, 'Svært lite'),
(2, 'Lite'),
(3, 'Moderat'),
(4, 'Mye'),
(5, 'Svært mye');

INSERT INTO farge (id, navn) VALUES
(1, 'Hvit'),
(2, 'Kremhvit'),
(3, 'Gul'),
(4, 'Lys gul'),
(5, 'Mørk gul'),
(6, 'Oransje'),
(7, 'Aprikos'),
(8, 'Rød'),
(9, 'Mørk rød'),
(10, 'Rosa'),
(11, 'Lys rosa'),
(12, 'Cerise'),
(13, 'Lilla'),
(14, 'Lys lilla'),
(15, 'Blå'),
(16, 'Lys blå'),
(17, 'Mørk blå'),
(18, 'Fiolett'),
(19, 'Grønn'),
(20, 'Lys grønn'),
(21, 'Mørk grønn'),
(22, 'Sølvgrønn'),
(23, 'Bronse'),
(24, 'Burgunder'),
(25, 'Fersken'),
(26, 'Kobber'),
(27, 'Purpur'),
(28, 'Tofarget'),
(29, 'Flerfarget'),
(30, 'Spraglete');

INSERT INTO plante
(botanisk_navn, navn, jordforhold, allergivennlig, kategori_id, hardhet_id) VALUES
('Achillea millefolium','Ryllik','Mager og veldrenert',1,1,7),
('Aconitum napellus','Stormhatt','Fuktig og næringsrik',0,1,6),
('Actaea spicata','Trollbær','Humusrik og fuktig',0,1,6),
('Aegopodium podagraria','Skvallerkål','Næringsrik og fuktig',0,9,7),
('Agastache foeniculum','Anisisop','Veldrenert og varm',1,1,6),
('Ajuga reptans','Jonsokkoll','Humusrik og fuktig',1,9,7),
('Alchemilla mollis','Marikåpe','Næringsrik og fuktig',1,1,7),
('Allium schoenoprasum','Gressløk','Næringsrik og veldrenert',1,10,7),
('Allium ursinum','Ramsløk','Humusrik og fuktig',1,10,7),
('Anemone nemorosa','Hvitveis','Humusrik og fuktig',1,1,7),
('Angelica archangelica','Kvann','Fuktig og næringsrik',1,10,6),
('Antennaria dioica','Kattefot','Mager og veldrenert',1,18,9),
('Aquilegia vulgaris','Akeleie','Veldrenert og næringsrik',1,1,6),
('Armeria maritima','Engnellik','Mager og veldrenert',1,18,9),
('Artemisia absinthium','Malurt','Mager og veldrenert',1,19,6),
('Artemisia schmidtiana','Sølvmalurt','Mager og veldrenert',1,1,6),
('Asarum europaeum','Hasselurt','Humusrik og fuktig',1,9,7),
('Asclepias syriaca','Silkeplante','Veldrenert og varm',0,1,5),
('Aster amellus','Høstasters','Veldrenert og næringsrik',1,1,6),
('Astrantia major','Stjerneskjerm','Fuktig og næringsrik',1,1,6),
('Aubrieta deltoidea','Putepute','Mager og veldrenert',1,18,8),
('Bergenia cordifolia','Bergenia','Næringsrik og fuktig',1,1,7),
('Brassica oleracea','Kål','Næringsrik og fuktig',1,11,7),
('Calendula officinalis','Ringblomst','Veldrenert og næringsrik',1,6,7),
('Campanula carpatica','Karpatklokke','Veldrenert og næringsrik',1,1,7),
('Campanula persicifolia','Fagerklokke','Veldrenert og næringsrik',1,1,6),
('Capsicum annuum','Paprika','Næringsrik og veldrenert',1,11,4),
('Carum carvi','Karve','Veldrenert og næringsrik',1,10,7),
('Carpinus betulus','Agnbøk','Veldrenert og næringsrik',1,3,6),
('Centaurea cyanus','Kornblomst','Veldrenert og næringsrik',1,6,7),
('Centaurea montana','Bergknapp','Mager og veldrenert',1,1,7),
('Cerasus avium','Søtkirsebær','Veldrenert og næringsrik',1,13,6),
('Cichorium intybus','Sikori','Veldrenert og næringsrik',1,11,7),
('Clematis alpina','Alpeklematis','Veldrenert og næringsrik',1,4,6),
('Clematis vitalba','Skogsklematis','Veldrenert og næringsrik',1,4,6),
('Cornus alba','Kornell','Fuktig og næringsrik',1,2,7),
('Corylus avellana','Hassel','Veldrenert og næringsrik',1,3,7),
('Cucumis sativus','Agurk','Næringsrik og fuktig',1,11,4),
('Cucurbita pepo','Squash','Næringsrik og fuktig',1,11,5),
('Daucus carota','Gulrot','Sandholdig og veldrenert',1,11,7),
('Delphinium elatum','Ridderspore','Næringsrik og fuktig',0,1,6),
('Digitalis purpurea','Revebjelle','Sur og humusrik',0,1,6),
('Dillenia indica','Dillenia','Næringsrik og fuktig',1,15,1),
('Dipsacus fullonum','Kardeborre','Veldrenert og næringsrik',1,1,6),
('Dryopteris filix-mas','Ormetelg','Humusrik og fuktig',1,8,7),
('Echinacea purpurea','Solhatt','Veldrenert og næringsrik',1,1,5),
('Elymus arenarius','Strandrug','Sandholdig og veldrenert',1,7,7),
('Erica carnea','Vårlyng','Sur og veldrenert',1,17,7),
('Erigeron karvinskianus','Spansk prestekrage','Veldrenert og varm',1,1,4),
('Erysimum cheiri','Gullnattfiol','Mager og veldrenert',1,6,5),
('Euonymus europaeus','Benved','Veldrenert og næringsrik',1,2,6),
('Fagus sylvatica','Bøk','Veldrenert og næringsrik',1,3,5),
('Fragaria ananassa','Jordbær','Næringsrik og veldrenert',1,12,7),
('Fragaria vesca','Markjordbær','Humusrik og veldrenert',1,12,7),
('Fritillaria meleagris','Rutelilje','Fuktig og næringsrik',1,5,7),
('Galium odoratum','Myske','Humusrik og fuktig',1,9,7),
('Geranium macrorrhizum','Storkenebb','Veldrenert og næringsrik',1,1,7),
('Geranium sanguineum','Blodstorkenebb','Mager og veldrenert',1,1,7),
('Hedera helix','Eføy','Veldrenert og humusrik',1,4,6),
('Helianthus annuus','Solsikke','Næringsrik og veldrenert',1,6,7),
('Helleborus niger','Julerose','Veldrenert og humusrik',1,1,6),
('Hemerocallis fulva','Daglilje','Næringsrik og fuktig',1,1,7),
('Hippophae rhamnoides','Tindved','Sandholdig og veldrenert',1,12,7),
('Hosta sieboldiana','Funkia','Humusrik og fuktig',1,1,7),
('Humulus lupulus','Humle','Næringsrik og fuktig',1,4,7),
('Hyacinthus orientalis','Hyasint','Veldrenert og næringsrik',1,5,6),
('Hydrangea arborescens','Hortensia','Fuktig og næringsrik',1,2,5),
('Hydrangea paniculata','Syrinhortensia','Fuktig og næringsrik',1,2,6),
('Hypericum perforatum','Johannesurt','Mager og veldrenert',1,19,6),
('Ilex aquifolium','Kristtorn','Sur og humusrik',1,2,4),
('Iris germanica','Hageiris','Veldrenert og næringsrik',1,1,6),
('Iris pseudacorus','Sverdiris','Fuktig og sumpaktig',1,16,7),
('Juncus effusus','Myrull','Fuktig og sumpaktig',1,16,7),
('Juniperus communis','Einer','Mager og veldrenert',1,2,8),
('Lavandula angustifolia','Lavendel','Mager og veldrenert',1,10,5),
('Leucanthemum vulgare','Prestekrage','Veldrenert og næringsrik',1,1,7),
('Ligularia dentata','Gullknapp','Fuktig og næringsrik',1,1,6),
('Lilium martagon','Kranslilje','Veldrenert og humusrik',1,5,6),
('Lobelia erinus','Lobelia','Næringsrik og fuktig',1,6,5),
('Lonicera caerulea','Blåleddved','Veldrenert og næringsrik',1,12,7),
('Lonicera periclymenum','Kaprifol','Veldrenert og næringsrik',1,4,6),
('Lupinus polyphyllus','Hagelupin','Veldrenert og næringsrik',1,1,7),
('Lychnis chalcedonica','Brennende kjærlighet','Veldrenert og næringsrik',1,1,7),
('Lysimachia nummularia','Krypjonsokkoll','Fuktig og næringsrik',1,9,7),
('Malus domestica','Eple','Veldrenert og næringsrik',1,13,6),
('Matricaria chamomilla','Kamille','Mager og veldrenert',1,19,7),
('Mentha spicata','Grønnmynte','Fuktig og næringsrik',1,10,7),
('Mentha x piperita','Peppermynte','Fuktig og næringsrik',1,10,7),
('Nepeta cataria','Kattemynte','Veldrenert og næringsrik',1,10,6),
('Ocimum basilicum','Basilikum','Næringsrik og veldrenert',1,10,3),
('Origanum vulgare','Oregano','Mager og veldrenert',1,10,7),
('Paeonia lactiflora','Pion','Veldrenert og næringsrik',1,1,6),
('Papaver somniferum','Opiumsvalmue','Mager og veldrenert',0,6,6),
('Papaver rhoeas','Kornvalmue','Mager og veldrenert',1,6,7),
('Petroselinum crispum','Persille','Næringsrik og fuktig',1,10,7),
('Phaseolus vulgaris','Bønne','Næringsrik og veldrenert',1,11,6),
('Picea abies','Gran','Sur og veldrenert',1,3,8),
('Pinus sylvestris','Furu','Mager og veldrenert',1,3,8),
('Poa alpina','Fjellrapp','Mager og veldrenert',1,18,9),
('Polemonium caeruleum','Jakobsstige','Fuktig og humusrik',1,1,7),
('Populus tremula','Osp','Veldrenert og næringsrik',1,3,8),
('Prunus cerasus','Surekirsebær','Veldrenert og næringsrik',1,13,6),
('Prunus domestica','Plomme','Veldrenert og næringsrik',1,13,5),
('Pyrus communis','Pære','Veldrenert og næringsrik',1,13,5),
('Rheum rhabarbarum','Rabarbra','Næringsrik og fuktig',1,11,7),
('Ribes nigrum','Solbær','Fuktig og næringsrik',1,12,7),
('Ribes rubrum','Rips','Fuktig og næringsrik',1,12,7),
('Rosa rugosa','Rynkerose','Veldrenert og næringsrik',1,2,7),
('Rosmarinus officinalis','Rosmarin','Veldrenert og varm',1,10,3),
('Rubus idaeus','Bringebær','Næringsrik og veldrenert',1,12,7),
('Rubus fruticosus','Bjørnebær','Næringsrik og veldrenert',1,12,5),
('Rumex acetosa','Engsyre','Fuktig og næringsrik',1,10,7),
('Salix caprea','Selje','Fuktig og næringsrik',1,3,8),
('Salvia nemorosa','Prydsalvie','Veldrenert og næringsrik',1,1,6),
('Salvia officinalis','Salvie','Veldrenert og varm',1,10,5),
('Sambucus nigra','Svarthyll','Næringsrik og veldrenert',1,2,5),
('Sedum acre','Bitter bergknapp','Mager og veldrenert',1,18,8),
('Sedum spurium','Krypbergknapp','Mager og veldrenert',1,9,8),
('Sempervivum tectorum','Takløk','Mager og veldrenert',1,14,8),
('Sium latifolium','Vannselleri','Fuktig og sumpaktig',1,16,7),
('Solanum lycopersicum','Tomat','Næringsrik og veldrenert',1,11,3),
('Solidago virgaurea','Gullris','Veldrenert og næringsrik',1,1,7),
('Stachys byzantina','Lamøre','Mager og veldrenert',1,1,6),
('Syringa vulgaris','Syrin','Veldrenert og næringsrik',1,2,7),
('Taraxacum officinale','Løvetann','Veldrenert og næringsrik',0,1,7),
('Thymus serpyllum','Krypende timian','Mager og veldrenert',1,10,7),
('Thymus vulgaris','Timian','Mager og veldrenert',1,10,6),
('Tilia cordata','Lind','Veldrenert og næringsrik',1,3,6),
('Trifolium pratense','Rødkløver','Veldrenert og næringsrik',1,20,7),
('Trollius europaeus','Ballblom','Fuktig og næringsrik',1,1,7),
('Tulipa gesneriana','Tulipan','Veldrenert og næringsrik',1,5,6),
('Urtica dioica','Brennesle','Næringsrik og fuktig',0,19,8),
('Vaccinium corymbosum','Hageblåbær','Sur og humusrik',1,17,6),
('Vaccinium myrtillus','Blåbær','Sur og humusrik',1,17,8),
('Valeriana officinalis','Vendrot','Fuktig og humusrik',1,19,7),
('Verbena bonariensis','Kjempeverbena','Veldrenert og varm',1,6,4),
('Viburnum opulus','Korsved','Fuktig og næringsrik',1,2,7),
('Viola odorata','Marsfiol','Humusrik og fuktig',1,1,7),
('Zea mays','Mais','Næringsrik og fuktig',1,11,5),
('Aloe vera','Aloe','Mager og veldrenert',1,14,1),
('Crassula ovata','Pengetre','Mager og veldrenert',1,14,1),
('Echeveria elegans','Echeveria','Mager og veldrenert',1,14,1),
('Sansevieria trifasciata','Svigermors tunge','Veldrenert',1,15,1),
('Monstera deliciosa','Monstera','Humusrik og jevnt fuktig',1,15,1),
('Epipremnum aureum','Gullranke','Humusrik og jevnt fuktig',1,15,1),
('Spathiphyllum wallisii','Fredslilje','Humusrik og fuktig',1,15,1),
('Ficus elastica','Gummifiken','Veldrenert og næringsrik',1,15,1),
('Ficus benjamina','Benjaminsfiken','Veldrenert og næringsrik',1,15,1),
('Dracaena marginata','Draketre','Veldrenert',1,15,1),
('Chlorophytum comosum','Grønnrenner','Veldrenert og næringsrik',1,15,1),
('Zamioculcas zamiifolia','ZZ-plante','Veldrenert',1,15,1),
('Pilea peperomioides','Elefantøre','Veldrenert og næringsrik',1,15,1),
('Peperomia obtusifolia','Peperomia','Veldrenert',1,15,1),
('Calathea orbifolia','Calathea','Humusrik og jevnt fuktig',1,15,1),
('Anthurium andraeanum','Anthurium','Humusrik og jevnt fuktig',1,15,1),
('Phalaenopsis amabilis','Phalaenopsis','Orkidebark og luftig',1,15,1),
('Cactaceae sp.','Kaktus','Mager og veldrenert',1,14,1),
('Miscanthus sinensis','Elefantgress','Veldrenert og næringsrik',1,7,5),
('Pennisetum alopecuroides','Lampepussgras','Veldrenert og næringsrik',1,7,4),
('Festuca glauca','Blåsvingel','Mager og veldrenert',1,7,6),
('Deschampsia cespitosa','Tuedannelse','Fuktig og næringsrik',1,7,7),
('Carex morrowii','Starr','Fuktig og humusrik',1,7,6),
('Phleum alpinum','Fjelltimotei','Mager og veldrenert',1,18,9),
('Saxifraga oppositifolia','Rødsildre','Mager og veldrenert',1,18,9),
('Silene acaulis','Tuesmelle','Mager og veldrenert',1,18,9),
('Dryas octopetala','Fjellrypebær','Mager og veldrenert',1,18,9),
('Gentiana nivalis','Snøsøte','Mager og veldrenert',1,18,9),
('Rhododendron ferrugineum','Rhododendron','Sur og humusrik',1,17,6),
('Rhododendron ponticum','Rhododendron','Sur og humusrik',1,17,5),
('Calluna vulgaris','Røsslyng','Sur og veldrenert',1,17,8),
('Vaccinium vitis-idaea','Tyttebær','Sur og humusrik',1,17,8),
('Gaultheria procumbens','Vintergrønn','Sur og humusrik',1,17,6),
('Nymphaea alba','Hvit nøkkerose','Sumpaktig og næringsrik',1,16,7),
('Nuphar lutea','Gul nøkkerose','Sumpaktig og næringsrik',1,16,7),
('Typha latifolia','Dunkjevle','Sumpaktig og næringsrik',1,16,7),
('Equisetum fluviatile','Vannsnelle','Fuktig og sumpaktig',1,16,7),
('Iris sibirica','Sibiriris','Fuktig og næringsrik',1,16,7),
('Acer platanoides','Spisslønn','Veldrenert og næringsrik',1,3,7),
('Acer pseudoplatanus','Platanlønn','Veldrenert og næringsrik',1,3,6),
('Betula pendula','Bjørk','Veldrenert',1,3,8),
('Sorbus aucuparia','Rogn','Veldrenert',1,3,8),
('Amelanchier alnifolia','Saskatoonbær','Veldrenert og næringsrik',1,12,7),
('Aronia melanocarpa','Svartsurbær','Veldrenert og næringsrik',1,12,7),
('Spiraea japonica','Japanspirea','Veldrenert og næringsrik',1,2,6),
('Spiraea cinerea','Brudespirea','Veldrenert og næringsrik',1,2,7),
('Weigela florida','Klokkebusk','Veldrenert og næringsrik',1,2,5),
('Philadelphus coronarius','Skjærsmin','Veldrenert og næringsrik',1,2,6),
('Berberis thunbergii','Berberis','Veldrenert',1,2,6),
('Buxus sempervirens','Buksbom','Veldrenert og næringsrik',1,2,4),
('Ligustrum vulgare','Liguster','Veldrenert og næringsrik',1,2,6),
('Ribes uva-crispa','Stikkelsbær','Fuktig og næringsrik',1,12,7),
('Rubus chamaemorus','Molte','Sur og fuktig',1,12,8),
('Vaccinium uliginosum','Blokkebær','Sur og humusrik',1,17,8),
('Prunus padus','Hegg','Fuktig og næringsrik',1,3,8),
('Alnus incana','Gråor','Fuktig og næringsrik',1,3,8),
('Salix viminalis','Korgpil','Fuktig og næringsrik',1,2,8),
('Acer ginnala','Amurlønn','Veldrenert og næringsrik',1,3,7),
('Aesculus hippocastanum','Hestekastanje','Veldrenert og næringsrik',0,3,6),
('Alcea rosea','Stokkrose','Veldrenert og næringsrik',0,6,6),
('Allium giganteum','Prydløk','Veldrenert og næringsrik',1,5,6),
('Amaranthus caudatus','Revehale','Næringsrik og veldrenert',0,6,5),
('Anethum graveolens','Dill','Veldrenert og næringsrik',1,10,7),
('Artemisia dracunculus','Estragon','Veldrenert og næringsrik',1,10,6),
('Aruncus dioicus','Brudeslør','Fuktig og næringsrik',1,1,7),
('Asparagus officinalis','Asparges','Sandholdig og veldrenert',1,11,7),
('Athyrium filix-femina','Skogburkne','Humusrik og fuktig',1,8,7),
('Begonia semperflorens','Isbegonia','Næringsrik og jevnt fuktig',0,6,2),
('Beta vulgaris','Rødbete','Næringsrik og veldrenert',1,11,7),
('Borago officinalis','Agurkurt','Veldrenert og næringsrik',1,10,7),
('Buddleja davidii','Sommerfuglbusk','Veldrenert og næringsrik',0,2,5),
('Calamagrostis x acutiflora','Rørkvein','Veldrenert og næringsrik',1,7,5),
('Caltha palustris','Bekkeblom','Fuktig og sumpaktig',1,16,8),
('Camellia japonica','Kamelia','Sur og humusrik',0,17,2),
('Caragana arborescens','Sibirertebusk','Mager og veldrenert',1,2,8),
('Cercis canadensis','Judastre','Veldrenert og næringsrik',0,3,4),
('Cercidiphyllum japonicum','Katsuratre','Veldrenert og næringsrik',1,3,5),
('Chamaenerion angustifolium','Geitrams','Veldrenert og næringsrik',0,1,8),
('Coriandrum sativum','Koriander','Veldrenert og næringsrik',1,10,6),
('Cosmos bipinnatus','Pyntekosmos','Veldrenert og næringsrik',1,6,5),
('Crambe maritima','Strandkål','Sandholdig og veldrenert',1,11,7),
('Dahlia pinnata','Georgine','Veldrenert og næringsrik',0,5,4),
('Dianthus deltoides','Bakkanellik','Mager og veldrenert',1,18,8),
('Echinops ritro','Blåkule','Mager og veldrenert',1,1,6),
('Fargesia murielae','Bambus','Veldrenert og humusrik',1,2,4),
('Filipendula ulmaria','Mjødurt','Fuktig og næringsrik',0,1,8),
('Foeniculum vulgare','Fennikel','Veldrenert og næringsrik',1,10,6),
('Ginkgo biloba','Tempeltre','Veldrenert',1,3,5),
('Glechoma hederacea','Jordranke','Humusrik og fuktig',0,9,8),
('Hedera colchica','Kaukasus-eføy','Veldrenert og humusrik',1,4,5),
('Hesperis matronalis','Aftenfiol','Veldrenert og næringsrik',0,1,7),
('Hylotelephium telephium','Høstbergknapp','Mager og veldrenert',1,1,7),
('Ipomoea purpurea','Praktsnerle','Veldrenert og næringsrik',0,4,3),
('Juglans regia','Valnøtt','Veldrenert og næringsrik',0,3,4),
('Lactuca sativa','Salat','Næringsrik og jevnt fuktig',1,11,7),
('Lathyrus odoratus','Blomsterert','Veldrenert og næringsrik',0,6,6),
('Levisticum officinale','Løpstikke','Næringsrik og fuktig',1,10,7),
('Linnaea borealis','Linnea','Sur og humusrik',1,17,9),
('Lupinus luteus','Gull-lupin','Veldrenert',0,20,6),
('Molinia caerulea','Blåtopp','Fuktig og humusrik',1,7,7),
('Myosotis sylvatica','Forglemmegei','Humusrik og jevnt fuktig',1,6,7),
('Narcissus poeticus','Påskelilje','Veldrenert og næringsrik',1,5,7),
('Nigella damascena','Jomfru i det grønne','Veldrenert',1,6,7),
('Panicum virgatum','Hirsegress','Veldrenert og næringsrik',1,7,5),
('Pelargonium peltatum','Hengepelargonia','Veldrenert og næringsrik',0,6,2),
('Rudbeckia hirta','Solhatt-rudbeckia','Veldrenert og næringsrik',1,1,6),
('Tagetes patula','Fløyelsblomst','Veldrenert og næringsrik',1,6,7);

INSERT INTO stell (lokasjon, grotid_uke, naering, lysforhold, hoyde_cm, kvm, plante_botanisk_navn, vanningsbehov_id, blomstringstid) VALUES
('Hage', NULL, 'Kompost vår', 'Sol/halvskygge', 400, 6, 'Acer ginnala', 3, NULL),
('Park', NULL, 'Langtidsvirkende vår', 'Sol', 500, 8, 'Acer ginnala', 3, NULL),
('Park', NULL, 'Kompost vår', 'Sol/halvskygge', 1200, 20, 'Aesculus hippocastanum', 3, NULL),
('Allé', NULL, 'Ingen', 'Sol', 1500, 25, 'Aesculus hippocastanum', 3, NULL),
('Bed', 10, 'Blomstergjødsel hver 3. uke', 'Sol', 180, 1, 'Alcea rosea', 4, 'Juli–September'),
('Krukkebed', 10, 'Kompost + litt hønsegjødsel', 'Sol', 160, 1, 'Alcea rosea', 4, 'Juli–September'),
('Bed', 12, 'Løk-gjødsel vår', 'Sol', 120, 1, 'Allium giganteum', 2, 'Mai–Juni'),
('Fjellhage', 12, 'Ingen', 'Sol', 100, 1, 'Allium giganteum', 2, 'Mai–Juni'),
('Bed', 8, 'Blomstergjødsel ukentlig', 'Sol', 120, 1, 'Amaranthus caudatus', 4, 'Juli–September'),
('Krukke', 8, 'Flytende næring ukentlig', 'Sol', 100, 1, 'Amaranthus caudatus', 4, 'Juli–September'),
('Kjøkkenhage', 6, 'Ingen (moderat næring)', 'Sol', 60, 1, 'Anethum graveolens', 3, 'Juni–August'),
('Pallekarm', 6, 'Kompost vår', 'Sol', 70, 1, 'Anethum graveolens', 3, 'Juni–August'),
('Kjøkkenhage', 10, 'Kompost vår', 'Sol', 80, 1, 'Artemisia dracunculus', 2, NULL),
('Krukke', 10, 'Litt urtegødsel', 'Sol', 70, 1, 'Artemisia dracunculus', 2, NULL),
('Bed', NULL, 'Kompost vår', 'Halvskygge', 140, 2, 'Aruncus dioicus', 4, 'Juni–Juli'),
('Skogkant', NULL, 'Kompost annethvert år', 'Halvskygge/skygge', 160, 3, 'Aruncus dioicus', 4, 'Juni–Juli'),
('Kjøkkenhage', 12, 'Kompost vår', 'Sol', 120, 2, 'Asparagus officinalis', 3, NULL),
('Pallekarm', 12, 'Kompost + litt naturgjødsel', 'Sol', 100, 2, 'Asparagus officinalis', 3, NULL),
('Skogkant', NULL, 'Kompost vår', 'Skygge/halvskygge', 80, 2, 'Athyrium filix-femina', 4, NULL),
('Bed', NULL, 'Ingen', 'Halvskygge', 70, 2, 'Athyrium filix-femina', 4, NULL),
('Krukke', 8, 'Flytende næring ukentlig', 'Sol/halvskygge', 25, 1, 'Begonia semperflorens', 4, 'Juni–September'),
('Balkong', 8, 'Blomsternæring hver 2. uke', 'Halvskygge', 25, 1, 'Begonia semperflorens', 4, 'Juni–September'),
('Kjøkkenhage', 10, 'Kompost vår', 'Sol', 40, 1, 'Beta vulgaris', 3, NULL),
('Pallekarm', 10, 'Kompost vår', 'Sol', 45, 1, 'Beta vulgaris', 3, NULL),
('Kjøkkenhage', 8, 'Ingen', 'Sol', 70, 1, 'Borago officinalis', 3, 'Juni–August'),
('Bed', 8, 'Kompost vår', 'Sol', 80, 1, 'Borago officinalis', 3, 'Juni–August'),
('Bed', NULL, 'Kompost vår', 'Sol', 250, 3, 'Buddleja davidii', 3, 'Juli–September'),
('Hekk', NULL, 'Langtidsvirkende vår', 'Sol', 300, 4, 'Buddleja davidii', 3, 'Juli–September'),
('Bed', NULL, 'Kompost vår', 'Sol', 140, 2, 'Calamagrostis x acutiflora', 3, NULL),
('Park', NULL, 'Ingen', 'Sol/halvskygge', 160, 3, 'Calamagrostis x acutiflora', 3, NULL),
('Damkant', NULL, 'Kompost vår', 'Sol/halvskygge', 40, 1, 'Caltha palustris', 5, 'April–Mai'),
('Sumpbed', NULL, 'Ingen', 'Halvskygge', 45, 1, 'Caltha palustris', 5, 'April–Mai'),
('Vinterhage', NULL, 'Rhododendrongjødsel vår', 'Lyst (ikke stekende sol)', 180, 2, 'Camellia japonica', 3, 'Februar–April'),
('Inne', NULL, 'Surjordsgjødsel hver 4. uke', 'Lyst', 120, 2, 'Camellia japonica', 3, 'Februar–April'),
('Hekk', NULL, 'Ingen', 'Sol', 350, 4, 'Caragana arborescens', 2, 'Mai–Juni'),
('Vindtett belte', NULL, 'Ingen', 'Sol', 400, 5, 'Caragana arborescens', 2, 'Mai–Juni'),
('Hage', NULL, 'Kompost vår', 'Sol/halvskygge', 400, 6, 'Cercis canadensis', 3, 'Mai–Juni'),
('Bed', NULL, 'Kompost vår', 'Sol', 300, 5, 'Cercis canadensis', 3, 'Mai–Juni'),
('Hage', NULL, 'Kompost vår', 'Sol/halvskygge', 800, 12, 'Cercidiphyllum japonicum', 3, NULL),
('Park', NULL, 'Langtidsvirkende vår', 'Sol', 1000, 15, 'Cercidiphyllum japonicum', 3, NULL),
('Villeng', NULL, 'Ingen', 'Sol', 120, 2, 'Chamaenerion angustifolium', 3, 'Juni–August'),
('Skogkant', NULL, 'Ingen', 'Sol/halvskygge', 140, 2, 'Chamaenerion angustifolium', 3, 'Juni–August'),
('Kjøkkenhage', 6, 'Ingen', 'Sol', 40, 1, 'Coriandrum sativum', 3, NULL),
('Pallekarm', 6, 'Kompost vår', 'Sol', 45, 1, 'Coriandrum sativum', 3, NULL),
('Bed', 8, 'Blomstergjødsel hver 2. uke', 'Sol', 120, 1, 'Cosmos bipinnatus', 3, 'Juli–Oktober'),
('Krukke', 8, 'Flytende næring ukentlig', 'Sol', 100, 1, 'Cosmos bipinnatus', 3, 'Juli–Oktober'),
('Bed', NULL, 'Kompost vår', 'Sol', 80, 2, 'Crambe maritima', 2, 'Mai–Juli'),
('Strandbed', NULL, 'Ingen', 'Sol', 70, 2, 'Crambe maritima', 2, 'Mai–Juli'),
('Bed', 10, 'Blomstergjødsel ukentlig', 'Sol', 120, 1, 'Dahlia pinnata', 4, 'Juli–Oktober'),
('Krukke', 10, 'Flytende næring ukentlig', 'Sol', 90, 1, 'Dahlia pinnata', 4, 'Juli–Oktober'),
('Fjellhage', NULL, 'Ingen', 'Sol', 15, 1, 'Dianthus deltoides', 2, 'Juni–August'),
('Bed', NULL, 'Ingen', 'Sol', 20, 1, 'Dianthus deltoides', 2, 'Juni–August'),
('Bed', NULL, 'Kompost vår', 'Sol', 100, 2, 'Echinops ritro', 2, 'Juli–September'),
('Villeng', NULL, 'Ingen', 'Sol', 120, 2, 'Echinops ritro', 2, 'Juli–September'),
('Hekk', NULL, 'Kompost vår', 'Halvskygge', 250, 4, 'Fargesia murielae', 3, NULL),
('Skjerming', NULL, 'Langtidsvirkende vår', 'Halvskygge', 300, 6, 'Fargesia murielae', 3, NULL),
('Fuktbed', NULL, 'Kompost vår', 'Sol/halvskygge', 120, 2, 'Filipendula ulmaria', 4, 'Juni–August'),
('Bekkeløp', NULL, 'Ingen', 'Halvskygge', 140, 3, 'Filipendula ulmaria', 4, 'Juni–August'),
('Kjøkkenhage', 10, 'Kompost vår', 'Sol', 120, 1, 'Foeniculum vulgare', 2, NULL),
('Bed', 10, 'Ingen', 'Sol', 140, 1, 'Foeniculum vulgare', 2, NULL),
('Hage', NULL, 'Kompost vår', 'Sol', 600, 10, 'Ginkgo biloba', 3, NULL),
('Park', NULL, 'Langtidsvirkende vår', 'Sol', 800, 15, 'Ginkgo biloba', 3, NULL),
('Bunndekke', NULL, 'Ingen', 'Halvskygge', 10, 2, 'Glechoma hederacea', 3, 'Mai–Juli'),
('Skogkant', NULL, 'Ingen', 'Skygge/halvskygge', 10, 2, 'Glechoma hederacea', 3, 'Mai–Juli'),
('Veggbekk', NULL, 'Kompost vår', 'Skygge/halvskygge', 300, 3, 'Hedera colchica', 3, NULL),
('Pergola', NULL, 'Kompost vår', 'Halvskygge', 400, 4, 'Hedera colchica', 3, NULL),
('Bed', NULL, 'Kompost vår', 'Sol/halvskygge', 90, 1, 'Hesperis matronalis', 3, 'Mai–Juli'),
('Villeng', NULL, 'Ingen', 'Sol', 100, 1, 'Hesperis matronalis', 3, 'Mai–Juli'),
('Bed', NULL, 'Ingen', 'Sol', 50, 1, 'Hylotelephium telephium', 1, 'August–Oktober'),
('Fjellhage', NULL, 'Ingen', 'Sol', 45, 1, 'Hylotelephium telephium', 1, 'August–Oktober'),
('Pergola', 8, 'Blomstergjødsel hver 2. uke', 'Sol', 250, 2, 'Ipomoea purpurea', 4, 'Juli–September'),
('Balkong', 8, 'Flytende næring ukentlig', 'Sol', 200, 2, 'Ipomoea purpurea', 4, 'Juli–September'),
('Hage', NULL, 'Kompost vår', 'Sol', 1200, 25, 'Juglans regia', 3, NULL),
('Park', NULL, 'Langtidsvirkende vår', 'Sol', 1500, 30, 'Juglans regia', 3, NULL),
('Kjøkkenhage', 6, 'Kompost vår', 'Sol/halvskygge', 25, 1, 'Lactuca sativa', 4, NULL),
('Pallekarm', 6, 'Kompost vår', 'Sol', 25, 1, 'Lactuca sativa', 4, NULL),
('Spalier', 8, 'Blomstergjødsel hver 2. uke', 'Sol', 180, 1, 'Lathyrus odoratus', 4, 'Juni–September'),
('Bed', 8, 'Kompost vår', 'Sol', 160, 1, 'Lathyrus odoratus', 4, 'Juni–September'),
('Kjøkkenhage', NULL, 'Kompost vår', 'Sol/halvskygge', 180, 1, 'Levisticum officinale', 4, NULL),
('Bed', NULL, 'Kompost vår', 'Halvskygge', 160, 1, 'Levisticum officinale', 4, NULL),
('Skogbunn', NULL, 'Ingen', 'Skygge', 5, 2, 'Linnaea borealis', 3, 'Juni–August'),
('Surjordsbed', NULL, 'Rhododendrongjødsel vår', 'Halvskygge', 5, 2, 'Linnaea borealis', 3, 'Juni–August'),
('Villeng', 10, 'Ingen', 'Sol', 60, 1, 'Lupinus luteus', 2, 'Juni–August'),
('Bed', 10, 'Kompost vår', 'Sol', 70, 1, 'Lupinus luteus', 2, 'Juni–August'),
('Bed', NULL, 'Kompost vår', 'Sol/halvskygge', 120, 2, 'Molinia caerulea', 4, NULL),
('Fuktbed', NULL, 'Ingen', 'Halvskygge', 130, 2, 'Molinia caerulea', 4, NULL),
('Bed', 8, 'Kompost vår', 'Halvskygge', 25, 1, 'Myosotis sylvatica', 4, 'Mai–Juli'),
('Krukke', 8, 'Flytende næring hver 2. uke', 'Halvskygge', 20, 1, 'Myosotis sylvatica', 4, 'Mai–Juli'),
('Bed', 12, 'Løk-gjødsel vår', 'Sol/halvskygge', 35, 1, 'Narcissus poeticus', 2, 'April–Mai'),
('Plen', 12, 'Ingen', 'Sol/halvskygge', 40, 1, 'Narcissus poeticus', 2, 'April–Mai'),
('Bed', 8, 'Ingen', 'Sol', 45, 1, 'Nigella damascena', 2, 'Juni–August'),
('Villeng', 8, 'Ingen', 'Sol', 50, 1, 'Nigella damascena', 2, 'Juni–August'),
('Bed', NULL, 'Kompost vår', 'Sol', 140, 2, 'Panicum virgatum', 3, NULL),
('Park', NULL, 'Ingen', 'Sol', 160, 3, 'Panicum virgatum', 3, NULL),
('Balkong', 10, 'Flytende næring ukentlig', 'Sol', 30, 1, 'Pelargonium peltatum', 4, 'Juni–September'),
('Krukke', 10, 'Flytende næring ukentlig', 'Sol/halvskygge', 30, 1, 'Pelargonium peltatum', 4, 'Juni–September'),
('Bed', NULL, 'Kompost vår', 'Sol', 70, 1, 'Rudbeckia hirta', 3, 'Juli–September'),
('Villeng', NULL, 'Ingen', 'Sol', 80, 2, 'Rudbeckia hirta', 3, 'Juli–September'),
('Kjøkkenhage', 8, 'Blomstergjødsel hver 2. uke', 'Sol', 30, 1, 'Tagetes patula', 3, 'Juni–September'),
('Krukke', 8, 'Flytende næring hver 2. uke', 'Sol', 25, 1, 'Tagetes patula', 3, 'Juni–September'),
('Bed', NULL, 'Kompost vår', 'Sol/halvskygge', 60, 1, 'Achillea millefolium', 2, 'Juni–August'),
('Villeng', NULL, 'Ingen', 'Sol', 70, 2, 'Achillea millefolium', 2, 'Juni–August'),
('Bed', NULL, 'Kompost vår', 'Halvskygge', 120, 2, 'Aconitum napellus', 4, 'Juli–September'),
('Skogkant', NULL, 'Kompost annethvert år', 'Halvskygge', 140, 2, 'Aconitum napellus', 4, 'Juli–September'),
('Skogkant', NULL, 'Kompost vår', 'Halvskygge/skygge', 60, 2, 'Actaea spicata', 4, 'Mai–Juni'),
('Bed', NULL, 'Kompost vår', 'Halvskygge', 50, 1, 'Actaea spicata', 4, 'Mai–Juni'),
('Bed', NULL, 'Kompost vår', 'Sol/halvskygge', 50, 2, 'Agastache foeniculum', 2, 'Juli–September'),
('Krydderbed', NULL, 'Ingen', 'Sol', 60, 1, 'Agastache foeniculum', 2, 'Juli–September'),
('Bunndekke', NULL, 'Kompost vår', 'Halvskygge', 15, 2, 'Ajuga reptans', 3, 'Mai–Juni'),
('Bed', NULL, 'Ingen', 'Halvskygge', 15, 1, 'Ajuga reptans', 3, 'Mai–Juni'),
('Bed', NULL, 'Kompost vår', 'Sol/halvskygge', 40, 2, 'Alchemilla mollis', 3, 'Juni–August'),
('Kantplanting', NULL, 'Ingen', 'Sol/halvskygge', 35, 2, 'Alchemilla mollis', 3, 'Juni–August'),
('Skogbunn', NULL, 'Kompost vår', 'Skygge/halvskygge', 10, 2, 'Anemone nemorosa', 4, 'April–Mai'),
('Bed', NULL, 'Kompost vår', 'Halvskygge', 15, 1, 'Anemone nemorosa', 4, 'April–Mai'),
('Bed', NULL, 'Kompost vår', 'Sol/halvskygge', 70, 2, 'Aquilegia vulgaris', 3, 'Mai–Juli'),
('Villeng', NULL, 'Ingen', 'Sol', 80, 2, 'Aquilegia vulgaris', 3, 'Mai–Juli'),
('Bed', NULL, 'Kompost vår', 'Sol/halvskygge', 60, 2, 'Astrantia major', 4, 'Juni–August'),
('Skogkant', NULL, 'Kompost annethvert år', 'Halvskygge', 70, 2, 'Astrantia major', 4, 'Juni–August'),
('Bed', NULL, 'Kompost vår', 'Sol', 45, 2, 'Aster amellus', 2, 'August–Oktober'),
('Villeng', NULL, 'Ingen', 'Sol', 50, 2, 'Aster amellus', 2, 'August–Oktober'),
('Bed', NULL, 'Kompost vår', 'Halvskygge', 50, 2, 'Bergenia cordifolia', 3, 'April–Mai'),
('Kantplanting', NULL, 'Ingen', 'Halvskygge', 40, 2, 'Bergenia cordifolia', 3, 'April–Mai'),
('Bed', NULL, 'Kompost vår', 'Sol', 90, 1, 'Delphinium elatum', 4, 'Juni–August'),
('Bed (bakre)', NULL, 'Blomstergjødsel i juni', 'Sol', 150, 2, 'Delphinium elatum', 4, 'Juni–August'),
('Bed', NULL, 'Kompost vår', 'Halvskygge', 120, 2, 'Digitalis purpurea', 3, 'Juni–August'),
('Skogkant', NULL, 'Ingen', 'Halvskygge', 130, 2, 'Digitalis purpurea', 3, 'Juni–August'),
('Bed', NULL, 'Kompost vår', 'Sol', 80, 2, 'Echinacea purpurea', 2, 'Juli–September'),
('Villeng', NULL, 'Ingen', 'Sol', 90, 2, 'Echinacea purpurea', 2, 'Juli–September'),
('Bed', NULL, 'Kompost vår', 'Sol', 80, 2, 'Geranium sanguineum', 2, 'Juni–August'),
('Fjellhage', NULL, 'Ingen', 'Sol', 25, 1, 'Geranium sanguineum', 1, 'Juni–August'),
('Bed', NULL, 'Kompost vår', 'Halvskygge', 60, 2, 'Helleborus niger', 3, 'Februar–April'),
('Skogbunn', NULL, 'Kompost vår', 'Halvskygge/skygge', 40, 2, 'Helleborus niger', 3, 'Februar–April'),
('Bed', NULL, 'Kompost vår', 'Sol/halvskygge', 80, 2, 'Hemerocallis fulva', 3, 'Juli–August'),
('Bed (fuktig)', NULL, 'Kompost vår', 'Sol/halvskygge', 90, 2, 'Hemerocallis fulva', 4, 'Juli–August'),
('Bed', NULL, 'Kompost vår', 'Halvskygge', 40, 2, 'Hosta sieboldiana', 4, 'Juni–August'),
('Skogkant', NULL, 'Kompost annethvert år', 'Halvskygge', 45, 2, 'Hosta sieboldiana', 4, 'Juni–August'),
('Bed', NULL, 'Kompost vår', 'Sol', 60, 2, 'Iris germanica', 2, 'Juni–Juli'),
('Bed (tørt)', NULL, 'Ingen', 'Sol', 60, 2, 'Iris germanica', 2, 'Juni–Juli'),
('Fuktbed', NULL, 'Kompost vår', 'Sol/halvskygge', 90, 2, 'Iris sibirica', 4, 'Juni–Juli'),
('Damkant', NULL, 'Ingen', 'Sol', 80, 2, 'Iris sibirica', 5, 'Juni–Juli'),
('Bed', NULL, 'Kompost vår', 'Sol', 60, 1, 'Leucanthemum vulgare', 2, 'Juni–August'),
('Villeng', NULL, 'Ingen', 'Sol', 70, 2, 'Leucanthemum vulgare', 2, 'Juni–August'),
('Bed', NULL, 'Kompost vår', 'Sol', 100, 2, 'Lupinus polyphyllus', 3, 'Juni–Juli'),
('Villeng', NULL, 'Ingen', 'Sol', 120, 2, 'Lupinus polyphyllus', 3, 'Juni–Juli'),
('Bed', NULL, 'Kompost vår', 'Sol', 80, 2, 'Paeonia lactiflora', 3, 'Juni–Juli'),
('Bed (dypt jordlag)', NULL, 'Kompost + beinmel vår', 'Sol', 90, 2, 'Paeonia lactiflora', 3, 'Juni–Juli'),
('Bed', NULL, 'Kompost vår', 'Sol', 50, 2, 'Polemonium caeruleum', 4, 'Juni–Juli'),
('Fuktbed', NULL, 'Kompost vår', 'Halvskygge', 60, 2, 'Polemonium caeruleum', 4, 'Juni–Juli'),
('Bed', NULL, 'Kompost vår', 'Sol', 80, 2, 'Salvia nemorosa', 2, 'Juni–September'),
('Kantplanting', NULL, 'Ingen', 'Sol', 60, 1, 'Salvia nemorosa', 2, 'Juni–September'),
('Bed', NULL, 'Ingen', 'Sol', 40, 1, 'Sedum spurium', 1, 'Juli–September'),
('Fjellhage', NULL, 'Ingen', 'Sol', 15, 1, 'Sedum spurium', 1, 'Juli–September'),
('Bed', NULL, 'Ingen', 'Sol', 25, 1, 'Stachys byzantina', 1, 'Juni–August'),
('Fjellhage', NULL, 'Ingen', 'Sol', 20, 1, 'Stachys byzantina', 1, 'Juni–August'),
('Bed', NULL, 'Kompost vår', 'Sol/halvskygge', 80, 2, 'Trollius europaeus', 4, 'Mai–Juni'),
('Fuktbed', NULL, 'Kompost vår', 'Halvskygge', 70, 2, 'Trollius europaeus', 4, 'Mai–Juni'),
('Villeng', NULL, 'Ingen', 'Sol', 50, 2, 'Trifolium pratense', 3, 'Juni–August'),
('Bed', NULL, 'Ingen', 'Sol', 40, 1, 'Trifolium pratense', 3, 'Juni–August'),
('Krydderbed', NULL, 'Kompost vår', 'Sol', 40, 1, 'Allium schoenoprasum', 3, NULL),
('Krukke', NULL, 'Urtegødsel hver 4. uke', 'Sol', 35, 1, 'Allium schoenoprasum', 3, NULL),
('Krydderbed', NULL, 'Kompost vår', 'Halvskygge', 30, 1, 'Allium ursinum', 4, 'Mai–Juni'),
('Skogbunn', NULL, 'Kompost vår', 'Skygge/halvskygge', 25, 2, 'Allium ursinum', 4, 'Mai–Juni'),
('Krydderbed', NULL, 'Ingen', 'Sol', 40, 1, 'Lavandula angustifolia', 1, 'Juli–August'),
('Steinbed', NULL, 'Ingen', 'Sol', 35, 1, 'Lavandula angustifolia', 1, 'Juli–August'),
('Krydderbed', NULL, 'Kompost vår', 'Sol/halvskygge', 50, 1, 'Mentha spicata', 4, 'Juli–September'),
('Krukke', NULL, 'Urtegødsel hver 4. uke', 'Sol/halvskygge', 40, 1, 'Mentha spicata', 4, 'Juli–September'),
('Krydderbed', NULL, 'Kompost vår', 'Sol/halvskygge', 50, 1, 'Mentha x piperita', 4, 'Juli–September'),
('Krukke', NULL, 'Urtegødsel hver 4. uke', 'Sol/halvskygge', 45, 1, 'Mentha x piperita', 4, 'Juli–September'),
('Krydderbed', NULL, 'Kompost vår', 'Sol', 45, 1, 'Nepeta cataria', 2, 'Juni–September'),
('Bed', NULL, 'Ingen', 'Sol', 60, 1, 'Nepeta cataria', 2, 'Juni–September'),
('Krydderbed', NULL, 'Ingen', 'Sol', 20, 1, 'Origanum vulgare', 1, 'Juli–September'),
('Steinbed', NULL, 'Ingen', 'Sol', 25, 1, 'Origanum vulgare', 1, 'Juli–September'),
('Krydderbed', NULL, 'Ingen', 'Sol', 20, 1, 'Thymus vulgaris', 1, 'Juni–August'),
('Steinbed', NULL, 'Ingen', 'Sol', 10, 1, 'Thymus vulgaris', 1, 'Juni–August'),
('Krydderbed', NULL, 'Ingen', 'Sol', 10, 1, 'Thymus serpyllum', 1, 'Juni–August'),
('Fjellhage', NULL, 'Ingen', 'Sol', 8, 1, 'Thymus serpyllum', 1, 'Juni–August'),
('Krydderbed', NULL, 'Kompost vår', 'Sol', 60, 1, 'Petroselinum crispum', 4, NULL),
('Pallekarm', NULL, 'Kompost vår', 'Sol', 50, 1, 'Petroselinum crispum', 4, NULL),
('Krydderbed', NULL, 'Kompost vår', 'Sol', 60, 1, 'Rumex acetosa', 4, NULL),
('Bed', NULL, 'Kompost vår', 'Sol/halvskygge', 50, 1, 'Rumex acetosa', 4, NULL),
('Kjøkkenhage', 12, 'Kompost vår', 'Sol', 60, 1, 'Brassica oleracea', 4, NULL),
('Pallekarm', 12, 'Kompost + naturgjødsel', 'Sol', 60, 1, 'Brassica oleracea', 4, NULL),
('Kjøkkenhage', 10, 'Kompost vår', 'Sol', 30, 1, 'Daucus carota', 3, NULL),
('Pallekarm', 10, 'Kompost vår', 'Sol', 35, 1, 'Daucus carota', 3, NULL),
('Kjøkkenhage', 12, 'Kompost vår', 'Sol', 40, 1, 'Phaseolus vulgaris', 3, NULL),
('Pallekarm', 12, 'Kompost vår', 'Sol', 40, 1, 'Phaseolus vulgaris', 3, NULL),
('Kjøkkenhage', 20, 'Kompost vår', 'Sol', 80, 2, 'Rheum rhabarbarum', 4, NULL),
('Bed', 20, 'Kompost vår', 'Sol/halvskygge', 90, 2, 'Rheum rhabarbarum', 4, NULL),
('Bed', 12, 'Løk-gjødsel vår', 'Sol/halvskygge', 35, 1, 'Tulipa gesneriana', 2, 'April–Mai'),
('Krukke', 12, 'Løk-gjødsel vår', 'Sol', 30, 1, 'Tulipa gesneriana', 2, 'April–Mai'),
('Bed', 12, 'Løk-gjødsel vår', 'Sol/halvskygge', 25, 1, 'Hyacinthus orientalis', 2, 'April–Mai'),
('Krukke', 12, 'Løk-gjødsel vår', 'Sol', 25, 1, 'Hyacinthus orientalis', 2, 'April–Mai'),
('Hekk', NULL, 'Kompost vår', 'Sol/halvskygge', 250, 4, 'Syringa vulgaris', 3, 'Mai–Juni'),
('Hage', NULL, 'Ingen', 'Sol', 300, 5, 'Syringa vulgaris', 3, 'Mai–Juni'),
('Hekk', NULL, 'Kompost vår', 'Sol/halvskygge', 200, 3, 'Rosa rugosa', 3, 'Juni–September'),
('Kysthage', NULL, 'Ingen', 'Sol', 180, 3, 'Rosa rugosa', 2, 'Juni–September'),
('Hekk', NULL, 'Kompost vår', 'Sol/halvskygge', 250, 3, 'Sambucus nigra', 3, 'Juni–Juli'),
('Hage', NULL, 'Kompost vår', 'Sol', 300, 4, 'Sambucus nigra', 3, 'Juni–Juli'),
('Hage', NULL, 'Kompost vår', 'Sol', 1200, 20, 'Malus domestica', 3, 'Mai'),
('Frukthage', NULL, 'Kompost vår', 'Sol', 800, 15, 'Malus domestica', 3, 'Mai'),
('Hage', NULL, 'Kompost vår', 'Sol', 1200, 20, 'Pyrus communis', 3, 'April–Mai'),
('Frukthage', NULL, 'Kompost vår', 'Sol', 900, 15, 'Pyrus communis', 3, 'April–Mai'),
('Hage', NULL, 'Kompost vår', 'Sol', 1200, 20, 'Prunus domestica', 3, 'April–Mai'),
('Frukthage', NULL, 'Kompost vår', 'Sol', 900, 15, 'Prunus domestica', 3, 'April–Mai'),
('Hage', NULL, 'Kompost vår', 'Sol/halvskygge', 2000, 30, 'Tilia cordata', 3, NULL),
('Park', NULL, 'Langtidsvirkende vår', 'Sol', 2500, 40, 'Tilia cordata', 3, NULL),
('Bærhage', NULL, 'Kompost vår', 'Sol/halvskygge', 150, 2, 'Ribes nigrum', 4, 'Mai'),
('Hage', NULL, 'Kompost vår', 'Sol', 180, 2, 'Ribes nigrum', 4, 'Mai'),
('Bærhage', NULL, 'Kompost vår', 'Sol/halvskygge', 150, 2, 'Ribes rubrum', 4, 'Mai'),
('Hage', NULL, 'Kompost vår', 'Sol', 160, 2, 'Ribes rubrum', 4, 'Mai'),
('Bærhage', NULL, 'Kompost vår', 'Sol', 180, 3, 'Rubus idaeus', 4, 'Juni'),
('Spalier', NULL, 'Kompost vår', 'Sol', 180, 2, 'Rubus idaeus', 4, 'Juni'),
('Surjordsbed', NULL, 'Rhododendrongjødsel vår', 'Sol/halvskygge', 150, 2, 'Vaccinium corymbosum', 4, 'Mai–Juni'),
('Bærhage', NULL, 'Surjordsgjødsel vår', 'Sol/halvskygge', 150, 2, 'Vaccinium corymbosum', 4, 'Mai–Juni'),
('Surjordsbed', NULL, 'Ingen (sur jord)', 'Halvskygge', 40, 2, 'Vaccinium myrtillus', 3, 'Mai–Juni'),
('Skogbunn', NULL, 'Ingen', 'Skygge/halvskygge', 30, 2, 'Vaccinium myrtillus', 3, 'Mai–Juni');


INSERT INTO plante_farge (farge_id, plante_botanisk_navn) VALUES
(19,'Achillea millefolium'),
(10,'Achillea millefolium'),
(1,'Achillea millefolium'),
(13,'Aconitum napellus'),
(18,'Aconitum napellus'),
(15,'Aconitum napellus'),
(1,'Anemone nemorosa'),
(19,'Anemone nemorosa'),
(20,'Anemone nemorosa'),
(14,'Aquilegia vulgaris'),
(13,'Aquilegia vulgaris'),
(1,'Aquilegia vulgaris'),
(10,'Aster amellus'),
(13,'Aster amellus'),
(1,'Aster amellus'),
(10,'Astrantia major'),
(1,'Astrantia major'),
(22,'Astrantia major'),
(10,'Bergenia cordifolia'),
(1,'Bergenia cordifolia'),
(22,'Bergenia cordifolia'),
(3,'Calendula officinalis'),
(6,'Calendula officinalis'),
(29,'Calendula officinalis'),
(15,'Campanula carpatica'),
(16,'Campanula carpatica'),
(1,'Campanula carpatica'),
(15,'Campanula persicifolia'),
(16,'Campanula persicifolia'),
(1,'Campanula persicifolia'),
(8,'Centaurea cyanus'),
(15,'Centaurea cyanus'),
(16,'Centaurea cyanus'),
(15,'Centaurea montana'),
(13,'Centaurea montana'),
(1,'Centaurea montana'),
(13,'Clematis alpina'),
(15,'Clematis alpina'),
(1,'Clematis alpina'),
(1,'Cornus alba'),
(20,'Cornus alba'),
(9,'Cornus alba'),
(19,'Dryopteris filix-mas'),
(21,'Dryopteris filix-mas'),
(22,'Dryopteris filix-mas'),
(27,'Echinacea purpurea'),
(10,'Echinacea purpurea'),
(1,'Echinacea purpurea'),
(15,'Erica carnea'),
(13,'Erica carnea'),
(10,'Erica carnea'),
(4,'Erysimum cheiri'),
(3,'Erysimum cheiri'),
(7,'Erysimum cheiri'),
(19,'Euonymus europaeus'),
(20,'Euonymus europaeus'),
(9,'Euonymus europaeus'),
(29,'Fagus sylvatica'),
(19,'Fagus sylvatica'),
(21,'Fagus sylvatica'),
(1,'Fritillaria meleagris'),
(10,'Fritillaria meleagris'),
(27,'Fritillaria meleagris'),
(20,'Galium odoratum'),
(1,'Galium odoratum'),
(22,'Galium odoratum'),
(10,'Geranium sanguineum'),
(13,'Geranium sanguineum'),
(1,'Geranium sanguineum'),
(19,'Hedera helix'),
(21,'Hedera helix'),
(20,'Hedera helix'),
(3,'Helianthus annuus'),
(4,'Helianthus annuus'),
(29,'Helianthus annuus'),
(1,'Helleborus niger'),
(22,'Helleborus niger'),
(19,'Helleborus niger'),
(6,'Hemerocallis fulva'),
(3,'Hemerocallis fulva'),
(29,'Hemerocallis fulva'),
(24,'Hippophae rhamnoides'),
(3,'Hippophae rhamnoides'),
(28,'Hippophae rhamnoides'),
(19,'Hosta sieboldiana'),
(20,'Hosta sieboldiana'),
(1,'Hosta sieboldiana'),
(19,'Hydrangea arborescens'),
(15,'Hydrangea arborescens'),
(1,'Hydrangea arborescens'),
(19,'Hydrangea paniculata'),
(1,'Hydrangea paniculata'),
(2,'Hydrangea paniculata'),
(15,'Iris germanica'),
(13,'Iris germanica'),
(1,'Iris germanica'),
(15,'Iris pseudacorus'),
(3,'Iris pseudacorus'),
(19,'Iris pseudacorus'),
(3,'Leucanthemum vulgare'),
(1,'Leucanthemum vulgare'),
(29,'Leucanthemum vulgare'),
(19,'Ligularia dentata'),
(3,'Ligularia dentata'),
(29,'Ligularia dentata'),
(6,'Lilium martagon'),
(10,'Lilium martagon'),
(13,'Lilium martagon'),
(15,'Lobelia erinus'),
(16,'Lobelia erinus'),
(1,'Lobelia erinus'),
(27,'Lychnis chalcedonica'),
(8,'Lychnis chalcedonica'),
(29,'Lychnis chalcedonica'),
(8,'Papaver rhoeas'),
(6,'Papaver rhoeas'),
(29,'Papaver rhoeas'),
(10,'Paeonia lactiflora'),
(1,'Paeonia lactiflora'),
(2,'Paeonia lactiflora'),
(8,'Rosa rugosa'),
(10,'Rosa rugosa'),
(1,'Rosa rugosa'),
(13,'Salvia nemorosa'),
(15,'Salvia nemorosa'),
(1,'Salvia nemorosa'),
(1,'Sedum spurium'),
(10,'Sedum spurium'),
(22,'Sedum spurium'),
(19,'Sempervivum tectorum'),
(22,'Sempervivum tectorum'),
(23,'Sempervivum tectorum'),
(8,'Solidago virgaurea'),
(3,'Solidago virgaurea'),
(29,'Solidago virgaurea'),
(22,'Stachys byzantina'),
(1,'Stachys byzantina'),
(19,'Stachys byzantina'),
(13,'Trollius europaeus'),
(3,'Trollius europaeus'),
(29,'Trollius europaeus'),
(29,'Trifolium pratense'),
(10,'Trifolium pratense'),
(8,'Trifolium pratense'),
(3,'Tulipa gesneriana'),
(8,'Tulipa gesneriana'),
(29,'Tulipa gesneriana'),
(19,'Vaccinium corymbosum'),
(20,'Vaccinium corymbosum'),
(15,'Vaccinium corymbosum'),
(19,'Vaccinium myrtillus'),
(20,'Vaccinium myrtillus'),
(15,'Vaccinium myrtillus'),
(15,'Verbena bonariensis'),
(13,'Verbena bonariensis'),
(10,'Verbena bonariensis'),
(10,'Allium schoenoprasum'),
(19,'Allium schoenoprasum'),
(1,'Allium ursinum'),
(19,'Allium ursinum'),
(15,'Anethum graveolens'),
(19,'Anethum graveolens'),
(22,'Artemisia absinthium'),
(21,'Artemisia absinthium'),
(22,'Artemisia schmidtiana'),
(19,'Artemisia schmidtiana'),
(15,'Borago officinalis'),
(16,'Borago officinalis'),
(3,'Brassica oleracea'),
(19,'Brassica oleracea'),
(6,'Capsicum annuum'),
(8,'Capsicum annuum'),
(19,'Capsicum annuum'),
(3,'Cichorium intybus'),
(15,'Cichorium intybus'),
(19,'Dryopteris filix-mas'),
(21,'Dryopteris filix-mas'),
(27,'Echinops ritro'),
(15,'Echinops ritro'),
(15,'Erigeron karvinskianus'),
(10,'Erigeron karvinskianus'),
(1,'Erigeron karvinskianus'),
(10,'Fragaria ananassa'),
(8,'Fragaria ananassa'),
(10,'Fragaria vesca'),
(8,'Fragaria vesca'),
(19,'Galium odoratum'),
(20,'Galium odoratum'),
(19,'Humulus lupulus'),
(21,'Humulus lupulus'),
(3,'Lavandula angustifolia'),
(15,'Lavandula angustifolia'),
(10,'Leucanthemum vulgare'),
(3,'Leucanthemum vulgare'),
(19,'Mentha spicata'),
(20,'Mentha spicata'),
(19,'Mentha x piperita'),
(20,'Mentha x piperita'),
(19,'Nepeta cataria'),
(15,'Nepeta cataria'),
(3,'Papaver somniferum'),
(8,'Papaver somniferum'),
(3,'Petroselinum crispum'),
(19,'Petroselinum crispum'),
(3,'Phaseolus vulgaris'),
(19,'Phaseolus vulgaris'),
(19,'Rheum rhabarbarum'),
(8,'Rheum rhabarbarum'),
(10,'Ribes nigrum'),
(19,'Ribes nigrum'),
(10,'Ribes rubrum'),
(19,'Ribes rubrum'),
(10,'Rubus idaeus'),
(19,'Rubus idaeus'),
(19,'Rumex acetosa'),
(20,'Rumex acetosa'),
(3,'Solanum lycopersicum'),
(8,'Solanum lycopersicum'),
(19,'Solanum lycopersicum'),
(15,'Thymus serpyllum'),
(19,'Thymus serpyllum'),
(15,'Thymus vulgaris'),
(19,'Thymus vulgaris'),
(10,'Vaccinium vitis-idaea'),
(19,'Vaccinium vitis-idaea'),
(19,'Zea mays'),
(3,'Zea mays'),
(19,'Aegopodium podagraria'),
(20,'Aegopodium podagraria'),
(19,'Angelica archangelica'),
(1,'Angelica archangelica'),
(1,'Antennaria dioica'),
(10,'Antennaria dioica'),
(10,'Armeria maritima'),
(8,'Armeria maritima'),
(22,'Artemisia absinthium'),
(19,'Artemisia absinthium'),
(22,'Artemisia schmidtiana'),
(19,'Artemisia schmidtiana'),
(19,'Asarum europaeum'),
(20,'Asarum europaeum'),
(27,'Asclepias syriaca'),
(10,'Asclepias syriaca'),
(13,'Aubrieta deltoidea'),
(10,'Aubrieta deltoidea'),
(1,'Aubrieta deltoidea'),
(19,'Carum carvi'),
(1,'Carum carvi'),
(19,'Carpinus betulus'),
(21,'Carpinus betulus'),
(1,'Cerasus avium'),
(10,'Cerasus avium'),
(19,'Corylus avellana'),
(21,'Corylus avellana'),
(19,'Cucumis sativus'),
(20,'Cucumis sativus'),
(1,'Cucumis sativus'),
(6,'Cucurbita pepo'),
(19,'Cucurbita pepo'),
(19,'Dillenia indica'),
(20,'Dillenia indica'),
(10,'Dipsacus fullonum'),
(1,'Dipsacus fullonum'),
(19,'Elymus arenarius'),
(16,'Elymus arenarius'),
(19,'Erigeron karvinskianus'),
(10,'Erigeron karvinskianus'),
(3,'Fargesia murielae'),
(19,'Fargesia murielae'),
(19,'Ginkgo biloba'),
(21,'Ginkgo biloba'),
(19,'Glechoma hederacea'),
(20,'Glechoma hederacea'),
(19,'Hippophae rhamnoides'),
(3,'Hippophae rhamnoides'),
(19,'Hypericum perforatum'),
(3,'Hypericum perforatum'),
(19,'Juncus effusus'),
(20,'Juncus effusus'),
(19,'Juniperus communis'),
(21,'Juniperus communis'),
(23,'Juniperus communis'),
(22,'Lobelia erinus'),
(15,'Lobelia erinus'),
(15,'Lonicera caerulea'),
(19,'Lonicera caerulea'),
(1,'Lonicera periclymenum'),
(10,'Lonicera periclymenum'),
(13,'Lysimachia nummularia'),
(19,'Lysimachia nummularia'),
(19,'Matricaria chamomilla'),
(1,'Matricaria chamomilla'),
(19,'Miscanthus sinensis'),
(20,'Miscanthus sinensis'),
(19,'Nymphaea alba'),
(1,'Nymphaea alba'),
(3,'Nuphar lutea'),
(19,'Nuphar lutea'),
(19,'Ocimum basilicum'),
(20,'Ocimum basilicum'),
(1,'Pennisetum alopecuroides'),
(20,'Pennisetum alopecuroides'),
(19,'Picea abies'),
(21,'Picea abies'),
(19,'Pinus sylvestris'),
(21,'Pinus sylvestris'),
(19,'Poa alpina'),
(20,'Poa alpina'),
(19,'Populus tremula'),
(21,'Populus tremula'),
(10,'Prunus cerasus'),
(1,'Prunus cerasus'),
(10,'Prunus domestica'),
(1,'Prunus domestica'),
(19,'Salix caprea'),
(21,'Salix caprea'),
(19,'Sedum acre'),
(3,'Sedum acre'),
(19,'Sempervivum tectorum'),
(23,'Sempervivum tectorum'),
(19,'Sium latifolium'),
(20,'Sium latifolium'),
(19,'Saxifraga oppositifolia'),
(10,'Saxifraga oppositifolia'),
(10,'Silene acaulis'),
(1,'Silene acaulis'),
(19,'Sorbus aucuparia'),
(21,'Sorbus aucuparia'),
(19,'Taraxacum officinale'),
(3,'Taraxacum officinale'),
(19,'Typha latifolia'),
(20,'Typha latifolia'),
(19,'Valeriana officinalis'),
(1,'Valeriana officinalis'),
(19,'Viburnum opulus'),
(1,'Viburnum opulus'),
(13,'Viola odorata'),
(10,'Viola odorata'),
(1,'Viola odorata');

INSERT IGNORE INTO plante_dyr (plante_botanisk_navn, dyr_id, `skadedyr/nyttedyr`) VALUES
('Achillea millefolium',1,'Skadedyr'),
('Achillea millefolium',11,'Nyttedyr'),
('Achillea millefolium',12,'Nyttedyr'),
('Achillea millefolium',13,'Nyttedyr'),
('Aconitum napellus',1,'Skadedyr'),
('Aconitum napellus',3,'Skadedyr'),
('Aconitum napellus',19,'Nyttedyr'),
('Ajuga reptans',31,'Skadedyr'),
('Ajuga reptans',11,'Nyttedyr'),
('Alchemilla mollis',1,'Skadedyr'),
('Alchemilla mollis',15,'Nyttedyr'),
('Alchemilla mollis',13,'Nyttedyr'),
('Allium schoenoprasum',1,'Skadedyr'),
('Allium schoenoprasum',11,'Nyttedyr'),
('Allium schoenoprasum',14,'Nyttedyr'),
('Allium ursinum',1,'Skadedyr'),
('Allium ursinum',16,'Nyttedyr'),
('Anemone nemorosa',31,'Skadedyr'),
('Anemone nemorosa',19,'Nyttedyr'),
('Aquilegia vulgaris',1,'Skadedyr'),
('Aquilegia vulgaris',6,'Skadedyr'),
('Aquilegia vulgaris',15,'Nyttedyr'),
('Armeria maritima',2,'Skadedyr'),
('Armeria maritima',11,'Nyttedyr'),
('Artemisia absinthium',1,'Skadedyr'),
('Artemisia absinthium',6,'Skadedyr'),
('Artemisia absinthium',12,'Nyttedyr'),
('Asarum europaeum',31,'Skadedyr'),
('Asarum europaeum',28,'Nyttedyr'),
('Aster amellus',1,'Skadedyr'),
('Aster amellus',6,'Skadedyr'),
('Aster amellus',13,'Nyttedyr'),
('Aster amellus',15,'Nyttedyr'),
('Astrantia major',1,'Skadedyr'),
('Astrantia major',11,'Nyttedyr'),
('Astrantia major',12,'Nyttedyr'),
('Astrantia major',15,'Nyttedyr'),
('Aubrieta deltoidea',31,'Skadedyr'),
('Aubrieta deltoidea',2,'Skadedyr'),
('Begonia semperflorens',1,'Skadedyr'),
('Begonia semperflorens',2,'Skadedyr'),
('Begonia semperflorens',7,'Skadedyr'),
('Bergenia cordifolia',1,'Skadedyr'),
('Bergenia cordifolia',31,'Skadedyr'),
('Bergenia cordifolia',28,'Nyttedyr'),
('Borago officinalis',1,'Skadedyr'),
('Borago officinalis',13,'Nyttedyr'),
('Borago officinalis',14,'Nyttedyr'),
('Borago officinalis',15,'Nyttedyr'),
('Brassica oleracea',9,'Skadedyr'),
('Brassica oleracea',10,'Skadedyr'),
('Brassica oleracea',1,'Skadedyr'),
('Brassica oleracea',37,'Nyttedyr'),
('Brassica oleracea',19,'Nyttedyr'),
('Calendula officinalis',1,'Skadedyr'),
('Calendula officinalis',11,'Nyttedyr'),
('Calendula officinalis',13,'Nyttedyr'),
('Calendula officinalis',14,'Nyttedyr'),
('Campanula carpatica',1,'Skadedyr'),
('Campanula carpatica',2,'Skadedyr'),
('Campanula carpatica',11,'Nyttedyr'),
('Campanula persicifolia',1,'Skadedyr'),
('Campanula persicifolia',6,'Skadedyr'),
('Campanula persicifolia',15,'Nyttedyr'),
('Capsicum annuum',1,'Skadedyr'),
('Capsicum annuum',2,'Skadedyr'),
('Capsicum annuum',7,'Skadedyr'),
('Capsicum annuum',12,'Nyttedyr'),
('Caltha palustris',31,'Skadedyr'),
('Caltha palustris',28,'Nyttedyr'),
('Caragana arborescens',24,'Skadedyr'),
('Caragana arborescens',25,'Skadedyr'),
('Carpinus betulus',1,'Skadedyr'),
('Carpinus betulus',24,'Skadedyr'),
('Centaurea cyanus',1,'Skadedyr'),
('Centaurea cyanus',13,'Nyttedyr'),
('Centaurea cyanus',14,'Nyttedyr'),
('Centaurea cyanus',15,'Nyttedyr'),
('Cerasus avium',24,'Skadedyr'),
('Cerasus avium',25,'Skadedyr'),
('Cerasus avium',30,'Skadedyr'),
('Cerasus avium',15,'Nyttedyr'),
('Cichorium intybus',1,'Skadedyr'),
('Cichorium intybus',13,'Nyttedyr'),
('Clematis alpina',1,'Skadedyr'),
('Clematis alpina',2,'Skadedyr'),
('Coriandrum sativum',1,'Skadedyr'),
('Coriandrum sativum',13,'Nyttedyr'),
('Coriandrum sativum',15,'Nyttedyr'),
('Cosmos bipinnatus',1,'Skadedyr'),
('Cosmos bipinnatus',13,'Nyttedyr'),
('Cosmos bipinnatus',14,'Nyttedyr'),
('Cucumis sativus',1,'Skadedyr'),
('Cucumis sativus',2,'Skadedyr'),
('Cucumis sativus',7,'Skadedyr'),
('Cucumis sativus',37,'Nyttedyr'),
('Cucurbita pepo',1,'Skadedyr'),
('Cucurbita pepo',3,'Skadedyr'),
('Cucurbita pepo',37,'Nyttedyr'),
('Daucus carota',8,'Skadedyr'),
('Daucus carota',1,'Skadedyr'),
('Daucus carota',15,'Nyttedyr'),
('Dahlia pinnata',1,'Skadedyr'),
('Dahlia pinnata',2,'Skadedyr'),
('Dahlia pinnata',6,'Skadedyr'),
('Delphinium elatum',1,'Skadedyr'),
('Delphinium elatum',6,'Skadedyr'),
('Delphinium elatum',3,'Skadedyr'),
('Dianthus deltoides',2,'Skadedyr'),
('Dianthus deltoides',11,'Nyttedyr'),
('Digitalis purpurea',1,'Skadedyr'),
('Digitalis purpurea',2,'Skadedyr'),
('Digitalis purpurea',13,'Nyttedyr'),
('Dryopteris filix-mas',31,'Skadedyr'),
('Dryopteris filix-mas',28,'Nyttedyr'),
('Echinacea purpurea',1,'Skadedyr'),
('Echinacea purpurea',13,'Nyttedyr'),
('Echinacea purpurea',14,'Nyttedyr'),
('Echinacea purpurea',15,'Nyttedyr'),
('Echinops ritro',1,'Skadedyr'),
('Echinops ritro',13,'Nyttedyr'),
('Echinops ritro',15,'Nyttedyr'),
('Erica carnea',2,'Skadedyr'),
('Erica carnea',11,'Nyttedyr'),
('Erigeron karvinskianus',1,'Skadedyr'),
('Erigeron karvinskianus',13,'Nyttedyr'),
('Fargesia murielae',1,'Skadedyr'),
('Fargesia murielae',2,'Skadedyr'),
('Fargesia murielae',28,'Nyttedyr'),
('Festuca glauca',2,'Skadedyr'),
('Festuca glauca',19,'Nyttedyr'),
('Filipendula ulmaria',1,'Skadedyr'),
('Filipendula ulmaria',31,'Skadedyr'),
('Filipendula ulmaria',28,'Nyttedyr'),
('Foeniculum vulgare',1,'Skadedyr'),
('Foeniculum vulgare',13,'Nyttedyr'),
('Foeniculum vulgare',15,'Nyttedyr'),
('Fragaria ananassa',1,'Skadedyr'),
('Fragaria ananassa',31,'Skadedyr'),
('Fragaria ananassa',25,'Skadedyr'),
('Fragaria ananassa',30,'Skadedyr'),
('Fritillaria meleagris',31,'Skadedyr'),
('Fritillaria meleagris',11,'Nyttedyr'),
('Galium odoratum',31,'Skadedyr'),
('Galium odoratum',28,'Nyttedyr'),
('Geranium macrorrhizum',1,'Skadedyr'),
('Geranium macrorrhizum',11,'Nyttedyr'),
('Geranium sanguineum',1,'Skadedyr'),
('Geranium sanguineum',11,'Nyttedyr'),
('Ginkgo biloba',1,'Skadedyr'),
('Ginkgo biloba',24,'Skadedyr'),
('Hedera helix',1,'Skadedyr'),
('Hedera helix',2,'Skadedyr'),
('Hedera helix',28,'Nyttedyr'),
('Helianthus annuus',1,'Skadedyr'),
('Helianthus annuus',6,'Skadedyr'),
('Helianthus annuus',13,'Nyttedyr'),
('Helianthus annuus',14,'Nyttedyr'),
('Helleborus niger',31,'Skadedyr'),
('Helleborus niger',28,'Nyttedyr'),
('Hemerocallis fulva',1,'Skadedyr'),
('Hemerocallis fulva',3,'Skadedyr'),
('Hemerocallis fulva',13,'Nyttedyr'),
('Hippophae rhamnoides',1,'Skadedyr'),
('Hippophae rhamnoides',25,'Skadedyr'),
('Hosta sieboldiana',3,'Skadedyr'),
('Hosta sieboldiana',31,'Skadedyr'),
('Hosta sieboldiana',28,'Nyttedyr'),
('Humulus lupulus',1,'Skadedyr'),
('Humulus lupulus',2,'Skadedyr'),
('Humulus lupulus',19,'Nyttedyr'),
('Hydrangea arborescens',1,'Skadedyr'),
('Hydrangea arborescens',2,'Skadedyr'),
('Hydrangea arborescens',31,'Skadedyr'),
('Hypericum perforatum',1,'Skadedyr'),
('Hypericum perforatum',11,'Nyttedyr'),
('Iris germanica',1,'Skadedyr'),
('Iris germanica',3,'Skadedyr'),
('Juglans regia',24,'Skadedyr'),
('Juglans regia',25,'Skadedyr'),
('Lactuca sativa',1,'Skadedyr'),
('Lactuca sativa',3,'Skadedyr'),
('Lactuca sativa',37,'Nyttedyr'),
('Lavandula angustifolia',1,'Skadedyr'),
('Lavandula angustifolia',13,'Nyttedyr'),
('Lavandula angustifolia',14,'Nyttedyr'),
('Levisticum officinale',1,'Skadedyr'),
('Levisticum officinale',15,'Nyttedyr'),
('Linnaea borealis',31,'Skadedyr'),
('Linnaea borealis',28,'Nyttedyr'),
('Lobelia erinus',1,'Skadedyr'),
('Lobelia erinus',2,'Skadedyr'),
('Lonicera periclymenum',1,'Skadedyr'),
('Lonicera periclymenum',2,'Skadedyr'),
('Lupinus polyphyllus',1,'Skadedyr'),
('Lupinus polyphyllus',6,'Skadedyr'),
('Lupinus polyphyllus',13,'Nyttedyr'),
('Malus domestica',1,'Skadedyr'),
('Malus domestica',34,'Skadedyr'),
('Malus domestica',24,'Skadedyr'),
('Malus domestica',25,'Skadedyr'),
('Malus domestica',30,'Skadedyr'),
('Malus domestica',37,'Nyttedyr'),
('Mentha x piperita',1,'Skadedyr'),
('Mentha x piperita',15,'Nyttedyr'),
('Miscanthus sinensis',2,'Skadedyr'),
('Miscanthus sinensis',19,'Nyttedyr'),
('Myosotis sylvatica',1,'Skadedyr'),
('Myosotis sylvatica',13,'Nyttedyr'),
('Narcissus poeticus',3,'Skadedyr'),
('Narcissus poeticus',31,'Skadedyr'),
('Nepeta cataria',1,'Skadedyr'),
('Nepeta cataria',13,'Nyttedyr'),
('Nigella damascena',1,'Skadedyr'),
('Nigella damascena',13,'Nyttedyr'),
('Ocimum basilicum',1,'Skadedyr'),
('Ocimum basilicum',2,'Skadedyr'),
('Origanum vulgare',1,'Skadedyr'),
('Origanum vulgare',15,'Nyttedyr'),
('Paeonia lactiflora',1,'Skadedyr'),
('Paeonia lactiflora',31,'Skadedyr'),
('Papaver rhoeas',1,'Skadedyr'),
('Papaver rhoeas',13,'Nyttedyr'),
('Petroselinum crispum',1,'Skadedyr'),
('Petroselinum crispum',15,'Nyttedyr'),
('Phaseolus vulgaris',1,'Skadedyr'),
('Phaseolus vulgaris',37,'Nyttedyr'),
('Picea abies',1,'Skadedyr'),
('Picea abies',45,'Skadedyr'),
('Pinus sylvestris',1,'Skadedyr'),
('Pinus sylvestris',45,'Skadedyr'),
('Prunus domestica',1,'Skadedyr'),
('Prunus domestica',24,'Skadedyr'),
('Prunus domestica',25,'Skadedyr'),
('Prunus domestica',30,'Skadedyr'),
('Pyrus communis',1,'Skadedyr'),
('Pyrus communis',34,'Skadedyr'),
('Pyrus communis',24,'Skadedyr'),
('Pyrus communis',25,'Skadedyr'),
('Rheum rhabarbarum',1,'Skadedyr'),
('Rheum rhabarbarum',3,'Skadedyr'),
('Ribes nigrum',1,'Skadedyr'),
('Ribes nigrum',34,'Skadedyr'),
('Ribes nigrum',30,'Skadedyr'),
('Ribes rubrum',1,'Skadedyr'),
('Ribes rubrum',34,'Skadedyr'),
('Ribes rubrum',30,'Skadedyr'),
('Rosa rugosa',1,'Skadedyr'),
('Rosa rugosa',2,'Skadedyr'),
('Rosa rugosa',24,'Skadedyr'),
('Rosa rugosa',25,'Skadedyr'),
('Rubus idaeus',1,'Skadedyr'),
('Rubus idaeus',2,'Skadedyr'),
('Rubus idaeus',30,'Skadedyr'),
('Salvia nemorosa',1,'Skadedyr'),
('Salvia nemorosa',13,'Nyttedyr'),
('Salvia nemorosa',15,'Nyttedyr'),
('Sedum spurium',2,'Skadedyr'),
('Sedum spurium',19,'Nyttedyr'),
('Sempervivum tectorum',2,'Skadedyr'),
('Sempervivum tectorum',19,'Nyttedyr'),
('Solanum lycopersicum',1,'Skadedyr'),
('Solanum lycopersicum',2,'Skadedyr'),
('Solanum lycopersicum',7,'Skadedyr'),
('Solanum lycopersicum',37,'Nyttedyr'),
('Syringa vulgaris',1,'Skadedyr'),
('Syringa vulgaris',24,'Skadedyr'),
('Syringa vulgaris',25,'Skadedyr'),
('Taraxacum officinale',1,'Skadedyr'),
('Taraxacum officinale',15,'Nyttedyr'),
('Thymus vulgaris',1,'Skadedyr'),
('Thymus vulgaris',15,'Nyttedyr'),
('Trifolium pratense',1,'Skadedyr'),
('Trifolium pratense',13,'Nyttedyr'),
('Trifolium pratense',14,'Nyttedyr'),
('Tulipa gesneriana',3,'Skadedyr'),
('Tulipa gesneriana',31,'Skadedyr'),
('Vaccinium corymbosum',1,'Skadedyr'),
('Vaccinium corymbosum',25,'Skadedyr'),
('Vaccinium myrtillus',25,'Skadedyr'),
('Vaccinium myrtillus',28,'Nyttedyr'),
('Verbena bonariensis',1,'Skadedyr'),
('Verbena bonariensis',13,'Nyttedyr'),
('Verbena bonariensis',14,'Nyttedyr'),
('Zea mays',1,'Skadedyr'),
('Zea mays',45,'Skadedyr');